downscale_factor,mae,rmse
1.0,34.48880883692205,79.71298988455237
2.0,52.78212316457042,288.4886132058899
4.0,109.08809130873507,566.5828463233345
