downscale_factor,mae,rmse
4.0,109.08809130873507,566.5828463233345
