{
  "train_loss": [
    2.9804067001822068,
    2.6335390058835757,
    2.4145592858957263,
    2.2455994484888526,
    2.119397577359197,
    1.9651078916702074,
    1.8634759723448877,
    1.7169541542216675,
    1.6120351985980248,
    1.5054415823680531,
    1.3857586832390618,
    1.3514181248766859,
    1.267885279947335,
    1.22584067536614,
    1.1673077834558856,
    1.1611383831531732,
    1.0912956833724201,
    1.064159882629348,
    1.0472245253238481,
    1.014442310409294,
    0.9922392052819127,
    0.9958547409815887,
    0.922223613683864,
    0.9997934134696255,
    0.9769869172734391,
    0.900045129460926,
    0.919271449452823,
    0.865289422289766,
    0.8832646417671565,
    0.8408871477796245,
    0.8243236198790909,
    0.812404319739987,
    0.8992575221147734,
    0.8301607899118176,
    0.8671710265262687,
    0.8676707345569871,
    0.8425636449732732,
    0.8359767497545972,
    0.779711441588156,
    0.766855015140987,
    0.7467107935472554,
    0.7654241423612249,
    0.7649296600870865,
    0.7181839517596149,
    0.7110183609687944,
    0.7828745637857115,
    0.7785586775040504,
    0.7706639598190939,
    0.6666333487967855,
    0.6850290372775695,
    0.6709094937583527,
    0.6829070973296448,
    0.6833953752768102,
    0.6258612349053326,
    0.6091744624097476,
    0.6379224524170775,
    0.6040113941315062,
    0.5866204546956518,
    0.5955125511691128,
    0.5398675737921724,
    0.5445635958344281,
    0.5289425779633301,
    0.5332438929352102,
    0.5445102985045805,
    0.5679134969148285,
    0.5152239445020858,
    0.5527915946620795,
    0.5362431574900893,
    0.49082011687233273,
    0.5162665187813265,
    0.5058344237544795,
    0.48277527799580205,
    0.47350130155298514,
    0.4743123977089819,
    0.4787925982022101,
    0.4588297734195462,
    0.448190566363562,
    0.4511858724230497,
    0.45848315763143227,
    0.45022641204912023,
    0.4615603008970004,
    0.4749847208773813,
    0.45843149339492173,
    0.4517908883329058,
    0.444962478914903,
    0.4394587813396506,
    0.43201617209106374,
    0.4370274376028131,
    0.43551116688273,
    0.43502395941885474,
    0.42881574133679884,
    0.42216661016543194,
    0.41831697340209767,
    0.41436046824704126,
    0.40875139560300816,
    0.4052679437481481,
    0.40206289459884015,
    0.3998731297738466,
    0.39878763067392037,
    0.3984834875469816
  ],
  "val_loss": [
    2.6306569670873974,
    2.623293946659754,
    2.5619872387439484,
    2.5229324400424957,
    2.385265973588777,
    2.3432946046666494,
    2.2822990819575293,
    2.257401813117285,
    2.2403402191305917,
    2.2542599359202007,
    2.3606514807731385,
    2.344049482118516,
    2.3380520906713276,
    2.240911457273695,
    2.3175610228190346,
    2.2341014369139596,
    2.346573250161277,
    2.330941594309277,
    2.2276158569351074,
    2.2391168413654206,
    2.304845916373389,
    2.2766227693784806,
    2.2760641314680616,
    2.335041701320618,
    2.284147955122448,
    2.2293572950930822,
    2.292673147386975,
    2.262035317837246,
    2.272285425473773,
    2.273017071069233,
    2.272087127443344,
    2.2396922210852304,
    2.3314486699444905,
    2.2689872213772366,
    2.361510458919737,
    2.3270870749912564,
    2.307032941825806,
    2.3581465170496987,
    2.352394680182139,
    2.463442231927599,
    2.4557392190373135,
    2.4429333697235776,
    2.516929383315737,
    2.515706565645006,
    2.444289013979927,
    2.3554630393073674,
    2.276789742329764,
    2.29427048185515,
    2.3158886924622553,
    2.2362244493431516,
    2.2144881926831745,
    2.183343107738192,
    2.2138781481319003,
    2.210056862660817,
    2.274708113973103,
    2.2751397022179196,
    2.2615964360653407,
    2.2937960653077987,
    2.2280866347608113,
    2.2214830848905773,
    2.238195644011573,
    2.236020922187775,
    2.2213889071865687,
    2.2200986241537426,
    2.2350733308565047,
    2.2545895552824415,
    2.218254129564951,
    2.219484872288174,
    2.237810120696113,
    2.2236304406135803,
    2.2254840939763993,
    2.2086856511850206,
    2.2426096238787214,
    2.266592411294816,
    2.2608394277474235,
    2.2767545448409185,
    2.2776597515931205,
    2.2772546524093267,
    2.2744112847343323,
    2.2520464384366594,
    2.248021790905604,
    2.2376724159906782,
    2.240411890877618,
    2.239323504860439,
    2.235205734059924,
    2.2382676038477154,
    2.2382426985672543,
    2.2371328510935347,
    2.2429511835650793,
    2.249554711674887,
    2.2516321681794667,
    2.2530479554146057,
    2.250496515205928,
    2.257822426065566,
    2.2583160471348536,
    2.2601580435321447,
    2.260954398484457,
    2.2603161741816806,
    2.2583248946401806,
    2.2577293420594837
  ],
  "val_mae": [
    124.5550765991211,
    119.95028686523438,
    119.31877136230469,
    120.9416732788086,
    121.22858428955078,
    117.5752182006836,
    117.58910369873047,
    117.33155059814453,
    115.75315856933594,
    115.5634536743164,
    116.66036224365234,
    116.05889892578125,
    115.7195053100586,
    115.53697204589844,
    111.72174835205078,
    115.35342407226562,
    116.2803726196289,
    116.6514892578125,
    115.91580963134766,
    114.7747573852539,
    113.73910522460938,
    114.26832580566406,
    114.18927001953125,
    114.11663818359375,
    116.25678253173828,
    117.81746673583984,
    115.7021713256836,
    116.9197998046875,
    118.05909729003906,
    116.18572235107422,
    116.79275512695312,
    117.83098602294922,
    113.16400146484375,
    114.6087646484375,
    113.51412963867188,
    111.79203796386719,
    113.87068176269531,
    112.66240692138672,
    112.58666229248047,
    112.33319091796875,
    111.5215072631836,
    112.81658935546875,
    111.73175048828125,
    110.70649719238281,
    112.08490753173828,
    113.72998809814453,
    116.73405456542969,
    113.1459732055664,
    113.12387084960938,
    115.37771606445312,
    115.75514221191406,
    117.63960266113281,
    116.39205169677734,
    115.95840454101562,
    114.71197509765625,
    113.88294219970703,
    114.924560546875,
    114.08145904541016,
    115.10218811035156,
    115.76586151123047,
    116.75945281982422,
    116.77782440185547,
    117.32592010498047,
    117.1722183227539,
    117.26154327392578,
    116.61194610595703,
    116.68297576904297,
    116.18318176269531,
    116.47349548339844,
    117.2192611694336,
    116.29804992675781,
    115.7193832397461,
    114.83766174316406,
    114.4895248413086,
    114.72979736328125,
    114.17213439941406,
    114.15243530273438,
    114.20662689208984,
    114.24674987792969,
    114.40777587890625,
    115.08648681640625,
    115.35005187988281,
    115.10138702392578,
    115.29875946044922,
    115.39726257324219,
    115.55217742919922,
    115.72749328613281,
    115.79108428955078,
    115.74581146240234,
    115.53659057617188,
    115.48185729980469,
    115.3707275390625,
    115.4278564453125,
    115.26130676269531,
    115.26509094238281,
    115.20484924316406,
    115.20061492919922,
    115.20996856689453,
    115.28294372558594,
    115.32481384277344
  ],