model,mae,rmse
Teacher @ 1x (original),34.48878,79.71235849101441
Teacher @ 2x (no training),52.77810000000001,288.48747583110094
Student @ 2x (distilled),113.00323999999999,210.9643420969525
